{"cameraMode":{"drawMode":0,"name":"Shaded","section":"Shading Mode"},"sceneLighting":true,"audioPlay":false,"sceneViewState":{"showFog":true,"showMaterialUpdate":false,"showSkybox":true,"showFlares":true,"showImageEffects":true,"showParticleSystems":true},"in2DMode":false,"pivot":{"x":-90.57987213134766,"y":14.078411102294922,"z":-16.78049659729004},"rotation":{"x":-0.04394250363111496,"y":0.7513089179992676,"z":-0.05025901272892952,"w":-0.6567392349243164},"size":11.027402877807618,"orthographic":false}